2 Pack Headphone Adapter for iPhone. [Apple MFi Certified] 2 in 1 Lightning to 3.5mm AUX Audio + Charger Splitter Compatible with iPhone 14/13/12/11/XS/XR/X 8/iPad. Support All iOS System,$12.99,https://m.media-amazon.com/images/I/41OKLSVoGiL._AC_UL320_.jpg
New X7K8W GEN14 3.5" HDD Tray Caddy for POWEREDGE Server R740 R740xd R7415 R940 R640 R6415,$9.89,https://m.media-amazon.com/images/I/61EZC7-ShpL._AC_UL320_.jpg
SZMYX 3.5 inch Drive Caddy with 2.5 inch HDD Adapter Compatible for 14th Dell PowerEdge Servers R240 R340 R440 R540 R640 R6415 R740 R740xd R740xd2 R6415 R7415 R7425 X7K8W,$20.99,https://m.media-amazon.com/images/I/61RIA8F1XNL._AC_UL320_.jpg
SOG HXB-01 Hex Bit Accessory Kit consumer electronics Electronics,$16.33,https://m.media-amazon.com/images/I/5197Tw1ab3L._AC_UL320_.jpg
2.5 inch Hard Drive Caddy DXD9H 0DXD9H Compatible for Dell PowerEdge Servers - 14th Generation R440 R640 R740 R740xd R840 R940 R6415 R7415 R7425,$9.99,https://m.media-amazon.com/images/I/614GEAlOBaL._AC_UL320_.jpg
Heretom New X7K8W GEN14 3.5" HDD Tray Caddy for POWEREDGE Server R440 R740 R740xd R7415 R940 R640 R6415,$10.99,https://m.media-amazon.com/images/I/61G-nB41mML._AC_UL320_.jpg
Body Glove CRC94213 DropSuit Rugged Case for Samsung Galaxy S4 Mini - Black Consumer Electronics,$6.97,https://m.media-amazon.com/images/I/61ZBY3jHKRL._AC_UL320_.jpg
HP SAS Internal Cable Kit - for ProLiant DL380 Gen9 785989-B21,$8.60,https://m.media-amazon.com/images/I/61KxDjOA7-L._AC_UL320_.jpg
World American 56360 Helical Side Gear"D" Washer,$17.71,https://m.media-amazon.com/images/I/51BxGmsL2SL._AC_UL320_.jpg
Dell Part # 0J0686.,Null,https://m.media-amazon.com/images/I/218t08a68RL._AC_UL320_.jpg
iStarUSA DD-300-SEA-RED 3U Compact Stylish Rack Mount Chassis with Sea Bezel - Red,$8.51,https://m.media-amazon.com/images/I/41zaYpOoTML._AC_UL320_.jpg
HP Ribbon Cable 80WAY for PROLIANT,Null,https://m.media-amazon.com/images/I/71Xe6lVx0RL._AC_UL320_.jpg
412202-001:DL360 MULTIBAY MEDIA,Null,https://m.media-amazon.com/images/I/61zVmbXDL2L._AC_UL320_.jpg
IBM 4849KDF Windows Small Business Server 2011 (CD-ROM),$11.54,https://m.media-amazon.com/images/I/71nL4XUcG6L._AC_UL320_.jpg
HP 452698-B21 PCI-X Riser Kit FORDL160G5/DL165G5 Serial Port Card,$15.26,https://m.media-amazon.com/images/I/41foOQuFW2S._AC_UL320_.jpg
RAISING ELECTRONICS Cantilever Server Shelf Vented Shelves Rack Mount 19inch 1U 10inch(250mm) Deep,$21.99,https://m.media-amazon.com/images/I/515olrr1CpL._AC_UL320_.jpg
Monoprice Blank Dcor Insert - White for Home.Office. Personal Install,$1.36,https://m.media-amazon.com/images/I/41EktNtOcUL._AC_UL320_.jpg
ARM.CAM-WIDE-P1-65 GRAM W/SET SCREW,$8.19,https://m.media-amazon.com/images/I/71HRHy3THeL._AC_UL320_.jpg
Core'dinations CORE Couture CARDSTK DRVE. Rodeo Drive,$17.15,https://m.media-amazon.com/images/I/71Optz14NvL._AC_UL320_.jpg
ARM. CAM-WIDE-P1-63 GRAM W/SET SCREW,$10.25,https://m.media-amazon.com/images/I/41l4eS4PscL._AC_UL320_.jpg
Panduit S6219BF,$13.84,https://m.media-amazon.com/images/I/51PAhu22CvL._AC_UL320_.jpg
Panduit N8522BYT,$18.72,https://m.media-amazon.com/images/I/41ogglUD7aL._AC_UL320_.jpg
Arctic Cat 0746-669 ARM.CAM-WIDE-P1-60 GRAM W/SET SCREW. 3 Pack,$8.19,https://m.media-amazon.com/images/I/71VFjXJTfcL._AC_UL320_.jpg
ARM.CAM-WIDE-P1-55 GRAM W/SET SCREW,$8.19,https://m.media-amazon.com/images/I/713xffPkUnL._AC_UL320_.jpg
